"타임스탬프","사용자 이름","1. 대학 명을 적어주세요","2. 동아리 명을 적어주세요 ","3. 동아리원들과의 소통 및 관리를 위해 사용하시는 앱이 있습니까?","1. 어떤 앱을 이용하시나요?","2. 해당 앱을 사용하며 좋았던 점은 무엇인가요?","3. 해당 앱을 사용하며 불편했던 점은 무엇인가요?","1. 사용하지 않은 이유가 무엇인가요?","2. 그러면 동아리 관리 및 소통은 어떤 방식으로 진행하셨나요?","1. 본인이 소속된 동아리에 필요하다고 생각되는 기능에 체크해 주세요. [소규모 그룹화 (예시: 스터디 모임, 공연 팀)]","1. 본인이 소속된 동아리에 필요하다고 생각되는 기능에 체크해 주세요. [연혁]","1. 본인이 소속된 동아리에 필요하다고 생각되는 기능에 체크해 주세요. [출석부]","1. 본인이 소속된 동아리에 필요하다고 생각되는 기능에 체크해 주세요. [가계부(통장관리)]","1. 본인이 소속된 동아리에 필요하다고 생각되는 기능에 체크해 주세요. [투표 및 투표자확인]","1. 본인이 소속된 동아리에 필요하다고 생각되는 기능에 체크해 주세요. [동아리 SNS 연동]","1. 본인이 소속된 동아리에 필요하다고 생각되는 기능에 체크해 주세요. [동아리 갤러리]","1. 본인이 소속된 동아리에 필요하다고 생각되는 기능에 체크해 주세요. [일정관리]","1. 본인이 소속된 동아리에 필요하다고 생각되는 기능에 체크해 주세요. [공지 및 공지열람자 확인]","1. 본인이 소속된 동아리에 필요하다고 생각되는 기능에 체크해 주세요. [자유게시판]","1. 본인이 소속된 동아리에 필요하다고 생각되는 기능에 체크해 주세요. [단체메세지(문자)]","1. 본인이 소속된 동아리에 필요하다고 생각되는 기능에 체크해 주세요. [동아리 용품이나 동아리 실 별로 사용시간을 관리]","2. 추가 의견이 있으신가요?","3. 위 기능을 제공하는 앱에 합리적인 이용료를 지불할 의사가 있나요?","4. 생각하는 합리적인 이용료는 어떻게 되나요?","1. 사용하는 앱 중에 디자인이 뛰어나다고 생각하는 앱은 무엇인가요?","2. 위와 같이 생각하신 이유가 무엇인가요?","1. 제작자들에게 하고 싶은 말을 자유롭게 써주세요.","2. 제작자에게 보내고 싶은 파일이 있으면 올려주세요."
"2019/03/05 4:29:03 오후 GMT+9","jhs1145@gmail.com","서울대학교","도리온","아니오","","","","마땅한게없네요","필기로","불필요","필요","필요","불필요","불필요","불필요","불필요","필요","필요","불필요","불필요","불필요","","아니오","","토스","","사랑해요",""
"2019/03/05 4:31:13 오후 GMT+9","ehrudwls0824@naver.com","동아대학교","타겟 동아리","예","카카오톡","여러가지 기능이 많아요.","음 공지를 확인한 사람이 누구인지 모르겠어요","","","필요","필요","필요","필요","필요","필요","필요","필요","필요","필요","필요","불필요","아니요.","예","동아리 별 월 만원","토스 이전 버전 어플","직관적이고 둥글둥글해서 뭔가 편했어요.","힘내서 끝까지 잘해주세요.",""
"2019/03/05 4:38:48 오후 GMT+9","ehdlf4999@gmail.com","동아대학교","dca","예","카카오톡","누구나 사용하는 어플이라 간편하고 쉬웠다."," 대화의 기능 밖에없다.","","","필요","필요","필요","필요","필요","필요","필요","필요","필요","필요","필요","필요","없어요","예","월 2천원","토스","심플 이즈 베스트!!","헤이 브라더들 왓썹맨~~",""
"2019/03/07 3:52:51 오후 GMT+9","","동아대학교","가리온","예","카카오톡, 네이버 밴드","실시간으로 소통할 수 있어서 좋았다.","많은 양의 정보를 보관하거나 관리하는데 한계가 있다.","","","필요","필요","불필요","불필요","필요","필요","필요","필요","필요","필요","필요","필요","없습니다!","아니오","위와 같습니다.","인스타그램","심플하고 이쁘다","저는 앱을 만든다는 것을 상상도 못하는데 너무 멋있습니다!!! 최고",""
"2019/03/07 4:07:48 오후 GMT+9","","동아대학교","가리온","예","카카오톡, 네이버 밴드","실시간으로 소통할 수 있어서 좋았다.","많은 정보를 보관하고 관리하는데 한계가 있다.","","","필요","필요","필요","필요","필요","필요","필요","필요","필요","필요","필요","필요","없습니다.","아니오","위와 같습니다.","인스타그램","심플하고 예쁩니다.","저는 앱을 만든다는 것은 상상할 수도 없는데 너무 멋지십니다!!! 최고!!!",""
"2019/03/07 8:33:32 오후 GMT+9","","동아대학교","더조커","예","카카오톡 페이스북 네이버 밴드","용도별로 사용할수있었다","딱히","","","필요","불필요","불필요","필요","필요","필요","필요","필요","필요","불필요","필요","필요","","아니오","","페이스북","사용하기편하니까",".",""
"2019/03/07 8:39:50 오후 GMT+9","","동아대학교","프릭스","예","카카오톡,밴드,페이스북","계시,투표,홍보,알림","연락","","","불필요","불필요","필요","필요","불필요","필요","필요","필요","필요","필요","필요","필요","","아니오","","","","없습니다",""
"2019/03/07 10:12:14 오후 GMT+9","","동아대학교","가리온","예","카카오톡, 네이버 밴드","공지 등을 편하게 알 수 있는 것","연락만 되는것","","","불필요","필요","필요","불필요","필요","필요","필요","필요","필요","필요","필요","불필요","","예","1000원","카카오톡","전달 앱 중 노락색의 색이 확실히 눈에 들어온다","힘내세요ㅠㅠ",""
"2019/03/07 10:15:03 오후 GMT+9","","동아대학교","가리온","예","페이스북","동아리를 홍보하기에 적절한점","영상을 고화질로 올리기 힘든점","","","불필요","필요","필요","필요","필요","필요","필요","필요","필요","불필요","필요","불필요","아니요","아니오","잘모르겠습니다","인스타그램","픽토그램 배치나 스토리 구성이 예쁘다.","기능이 확실히 보이는 픽토그램이나 구성으로 만들어주세요",""
"2019/03/07 10:18:56 오후 GMT+9","","동아대학교","더 조커","예","카카오톡,밴드","소식 받기가 편하고 대화하기 좋다","밴드의경우 잘 쓰게 되질 않는다","","","필요","필요","불필요","필요","불필요","필요","필요","필요","불필요","불필요","필요","불필요","","예","월2~3000","카카오톡 네이버 카페 등","상징하는 아이콘 단 하나로 깔끔해보이게","열심히 개발해주세요!",""
"2019/03/07 10:20:38 오후 GMT+9","","동아대학교","가리온","예","카카오톡","소통이가능했다","없었습니다","","","불필요","필요","필요","필요","필요","불필요","불필요","필요","필요","필요","필요","필요","없어요","아니오","","페이스북","심플하고 이쁘다","감사합니다!",""
"2019/03/07 10:43:18 오후 GMT+9","","동아대학교","가리온","예","카카오톡","투표등 연락뿐 아니라 다른기능도 함께 사용할수 있는것","쓸수 있는 기능에 한계가 있고 톡방을 많이 만들면 헷갈리고 묻히기 쉽다","","","필요","필요","필요","필요","필요","필요","필요","필요","필요","필요","필요","필요","없습니다","아니오","","카톡","알아보기쉽고 깔끔하게 디자인 되어있어서","앱 제작하신다고 수고가 많으십니다!",""
"2019/03/07 11:47:42 오후 GMT+9","","동아대학교","가리온","예","네이버 밴드, 페이스북, 카톡","","","","","불필요","필요","필요","필요","필요","필요","필요","필요","필요","필요","필요","필요","","아니오","","","","장부를 다같이 확인 할 수 있었으면 좋겠습니다 어떤부분에서 얼마를 썼고 공금이 이만큼 남았다라는 것을 알려주고 이에 맞게 동아리에 필요한 물품을 살 수 있게 의견 자유롭게 게시판에 올리고 하는 부분이 생겼으면 좋겠습니다",""
"2019/03/08 8:40:49 오후 GMT+9","","동아대학교","더 조커","예","네아버 밴드, 카카오톡","카카오톡의 빠른 피드백","누가 확인했는지 정확히 모른다","","","필요","필요","불필요","필요","필요","필요","필요","필요","필요","필요","필요","불필요","","아니오","","핀터레스트","깔끔하고 보기좋다","특별히 없습니다",""
"2019/03/09 2:18:13 오후 GMT+9","","동아대학교","스트리츠","예","카카오톡, 밴드, 페이스북","공지사항의 전달, 공연 영상 게시 및 공유","영상의 다운로드가 번거롭거나, 시간이 오래걸리거나, 화질이 안좋다","","","필요","불필요","필요","필요","불필요","필요","필요","필요","불필요","필요","불필요","필요","","예","이 쪽 가격 정보는 잘 모르겠지만 신입생들이 무료로 이용한다는 조건하에 앱 구매가 10만원","pantone, toss","색 배합이 깔끔하고 레이아웃이 눈에 쉽게 들어옵니다","수고많으십니다ㅜㅜ",""
"2019/03/09 2:19:54 오후 GMT+9","","동아대학교","스트리츠","예","네이버 밴드 페이스북","동아리 홍보가 가능해서 좋았고 동아리원 외에도 활동소식을 볼 수 있어서 좋았습니당","딱히 못느꼈어요","","","필요","필요","불필요","필요","필요","필요","필요","필요","필요","필요","필요","필요","아니요","아니오","없음","인스타그램","심플해서","스트리츠 앱 꼭 개설부탁드립당💟","https://drive.google.com/open?authuser=0&usp=forms_web&id=1gAXXPcL4KTKx11C5Rmwku8-RwkP_jjFx"
"2019/03/09 3:21:34 오후 GMT+9","","동아대학교","스트리츠","아니오","","","","어플을 만드는방법을 모릅니답","카카오톡 단체카톡방","필요","필요","필요","필요","필요","필요","필요","필요","필요","필요","필요","필요","","예","월 5000원","잘모르겠아욥","","어플을 가입할때의ㅜ링크나 모두 쉽게깔수있는어풀이욥",""
"2019/03/09 3:26:34 오후 GMT+9","","동아대학교","더조커","예","카카오톡 , 네이버 밴드, 페이스북","편의성이 좋습니다","해당 어플 비이용자에게 공지 및 전달이 잘안됩니다","","","필요","불필요","필요","필요","필요","필요","필요","필요","필요","필요","필요","필요","","예","2000~4000원","에브리타임","깔끔한 UI와 다양한 게시판보유","잘만들어 주세요",""
"2019/03/10 9:37:14 오후 GMT+9","","동아대학교","가리온","예","카카오톡","소통할수있어 편합니다","없습니다","","","필요","필요","필요","필요","필요","필요","필요","필요","필요","필요","필요","필요","","예","5천원","카카오톡","이쁨","화이팅...",""
"2019/03/10 9:37:40 오후 GMT+9","","동아대학교","가리온","예","카카오톡, 네이버 밴드, 페이스북","글을 한번 올리면 많은 사람들이
볼 수 있다는 점","글들을 분류해서 정리할 수 없다는 점","","","필요","필요","필요","필요","필요","필요","필요","필요","필요","필요","필요","필요","아니요","예","3000원","지그재그","처음 이용해도 어려움 없이 쉽게 이용할 수 있으며 간편한 동작으로 다양한 기능을 사용할 수 있다","동아리를 위한 앱 개발를 진행해주셔서 감사합니다",""
"2019/03/10 9:42:03 오후 GMT+9","","동아대학교","가리온","예","카카오톡","원활한 의사소통","필요한정보를 한눈에 보기어렵다
공지사항이나 행사 타임테이블같은것들
(검색하거나 안나오면 올려서 찾아봐야함)","","","필요","필요","필요","필요","필요","필요","불필요","필요","필요","불필요","필요","필요","없다","아니오","무료로 해야 원활하게 사용될것같습니다","인스타그램","가독성좋고 편리함","유용할듯합니다!! 파이팅!!",""
"2019/03/10 9:49:06 오후 GMT+9","","동아대학교","가리온","예","카카오톡,페북,밴드","빠르게 소통할 수 있었다는 점","누가 확인했는 지 알 수 없어 정확히 정보를 습득했는지 알 수 없다는 점","","","필요","불필요","필요","필요","필요","필요","필요","필요","필요","필요","필요","불필요","","예","","인스타그램과 같은","깔끔하고 쉽게 이용할 수 있어서","만약 사용을 한다면 최대한 오류가 없는 앱이였으면 좋겠어요 화이팅입니다!",""
"2019/03/10 9:50:40 오후 GMT+9","","동아대학교","가리온","예","카카오톡, 네이버 밴드","","","","","필요","필요","필요","필요","필요","필요","필요","필요","필요","필요","필요","필요","","예","","인스타그램","심플, 복잡하지 않아 한 눈에 들어옴","감사합니다",""
"2019/03/10 9:50:47 오후 GMT+9","","동아대학교","가리온","예","카톡 밴드 페북","딱히...없는거같다...","잡담으로 인해 공지가 묻히는것","","","필요","불필요","불필요","필요","필요","불필요","불필요","필요","필요","필요","필요","필요","","아니오","","인스타그램","음 그냥 색 조화가 이뻐서욤!","좋은 앱 부탁드려욧 화이탱",""
"2019/03/11 12:08:57 오전 GMT+9","","동아대학교","가리온","예","카카오톡","단체 채팅을 할 수 있고 첨부파일을 보낼 수 있어서 좋았음. ","없음","","","필요","불필요","필요","필요","필요","불필요","필요","필요","필요","불필요","필요","필요","없음. ","아니오","","카카오톡","눈에 띄고 깔끔해서. ","수고가 많으십니다 ㅜㅜ!!! ",""
"2019/03/13 5:10:06 오후 GMT+9","","동아대학교","가리온","예","카카오톡, 네이버 밴드, 페이스북, 인스타그램","","","","","불필요","필요","필요","필요","필요","필요","필요","필요","필요","필요","필요","필요","","아니오","","","","예쁘게 만들어주세요ㅎ",""
"2019/03/13 5:11:55 오후 GMT+9","","동아대학교","가리온","예","카카오톡 페이스북 밴드","우리끼리 소통이 원활하게 되었다","잘모르겠다","","","불필요","필요","필요","불필요","불필요","필요","필요","필요","필요","불필요","불필요","불필요","","아니오","","","","없음",""
"2019/03/13 5:13:36 오후 GMT+9","","동아대학교","가리온","예","카카오톡, 네이버 밴드, 페이스북, 유튜브","정보공유, 동아리홍보","","","","필요","필요","필요","필요","필요","필요","필요","필요","필요","필요","필요","필요","","아니오","","인스타그램","","화이팅! ",""
"2019/03/14 3:22:46 오후 GMT+9","","동아대학교","리드머","예","페이스북","앱이 빠름","없음","","","필요","필요","필요","필요","필요","필요","필요","필요","필요","불필요","필요","불필요","","아니오","","인스타그램","갬성","잘 만들어주세요",""
"2019/03/14 3:23:06 오후 GMT+9","","동아대학교","리드머","예","카카오톡 페이스북","평소에 하던 것과 익숙해서 좋다","정보 정리가 잘 되지 않는점이 불편하다","","","필요","필요","필요","필요","필요","필요","필요","필요","필요","필요","필요","필요","","아니오","","","","파이팅하세요!",""
"2019/03/14 6:36:19 오후 GMT+9","","동아대학교","Fgc","예","네이버 밴드","의사소통","활동저조","","","필요","불필요","불필요","필요","필요","필요","필요","필요","필요","필요","필요","필요","","아니오","1000","인스타그램","깔끔","감사합니다",""
"2019/03/14 6:38:00 오후 GMT+9","","동아대학교","FGC","예","카카오톡","편하게 소통","안보는경우","","","필요","필요","필요","불필요","필요","필요","필요","필요","필요","필요","필요","필요","","예","처음 살때 동아리에서 지불","카톡 페북","사용하는법이 깔끔하고 쉬움","감사합니다",""
"2019/03/14 6:40:00 오후 GMT+9","","동아대학교","에프지씨","예","카카오톡,페이스북,네이버 밴드","다양한 기능을 통해 좀 더 많은 사람들과 소통 할 수 있었다.","불편한 점은 따로 없다.","","","필요","필요","불필요","필요","필요","필요","필요","필요","필요","필요","필요","필요","아니오","아니오","잘 모르겠습니다.","알바천국","귀엽다","실용적인 어플을 기획해주셔서 감사합니다",""
"2019/03/14 6:40:08 오후 GMT+9","","동아대학교","FGC","예","카카오톡","편리하다","읽씹해요","","","필요","불필요","불필요","필요","필요","불필요","필요","필요","불필요","불필요","필요","불필요","괜찮습니다","아니오","무료로 사용하고 광고를 넣으면 좋을 거 같아요","애플공식홈페이지","블랙 화이트가 이뻐서요","어플 제작하시느라 고생이 많습니다",""
"2019/03/14 6:40:16 오후 GMT+9","","동아대학교","F.G.C","예","카톡","단체로 소통할수있단점","읽씹 안읽씹","","","필요","필요","필요","필요","필요","필요","필요","필요","필요","필요","필요","필요","안읽씹과 읽씹을 없앨수있는 기능이 있으면 좃겠어요","아니오","광고가 붙은 무료어플이면 좋을거갘습니다.","인스타그램","심플하고 깔끔합니다.","줄수있는 아이디어가 없어서 죄송합니다 ㅠㅠ",""
"2019/03/14 6:42:00 오후 GMT+9","","동아대학교","에프지씨","예","카카오톡 네이버밴드 페이스북","단체공지및 소통","공지읽씹","","","필요","필요","필요","필요","필요","필요","필요","필요","필요","불필요","필요","필요","아니요","아니오","월 2만","인스타그램","ㄷ자인이 깔끔해요","이런어플 만들어주셔서 감사합니다^^",""
"2019/03/15 9:33:42 오전 GMT+9","","동아대학교","스트리츠","예","카카오톡, 네이버 밴드, 페이스북","실시간 소통& 동아리 정보&지난 공연들을 다시 볼 수 있음","네이버 밴드에 동영상을 올리는데 오래걸림","","","필요","필요","불필요","필요","필요","필요","필요","불필요","필요","필요","필요","불필요","","예","4500","인스타그램","깔끔하면서도 밝고 예쁜 분위기","없음",""
"2019/03/15 9:48:19 오전 GMT+9","","동아대학교","스트리츠","예","카카오톡, 밴드 ","카카오톡으로는 친목도모 혹은 공지를 전달할 수 있고 밴드에서는 용량이 큰 영상을 공유할 수 있습니다.","생각해본적이 없습니다","","","필요","필요","불필요","불필요","필요","필요","필요","필요","필요","필요","필요","필요","","아니오","","인스타그램","굳이 찾자면 인스타그램이라는거다. 깔끔하다","감사합니다",""
"2019/03/15 9:55:50 오전 GMT+9","","동아대학교","스트리츠","예","네이버 밴드/페이스북","공연영상을 올림으로써 홍보도 되고 과거에 했던 영상들을 직접 찾아볼수있어서 좋았습니다","동아리 내에서의 소통보다는 홍보에 좀더 최적화된 것들이 아니었나 생각이 듭니다","","","필요","불필요","불필요","필요","필요","필요","필요","필요","필요","필요","불필요","불필요","","예","2000원","인스타그램","색이 과하지않고 전체적인 디자인이 심플한 것같습니다","저희 동아리를 위해 어플을 만들어주신다는 말을듣고 바로 작성하러 달려왔습니다!잘부탁드립니다 ㅎㅎ",""
"2019/03/15 10:32:56 오전 GMT+9","","동아대학교","더조커","예","네이버밴드","사진 및  영상 업로드","무분별한 알림","","","필요","필요","필요","필요","필요","필요","필요","필요","필요","필요","필요","필요","","예","너무 크면 아무리 앱이 좋더라도 이용하지 않을 것 같다","유튜브","이용하기가 편함","수고가 많으십니다~",""
"2019/03/15 11:34:34 오전 GMT+9","","동아대학교","리드머","예","카카오톡","빠르게 공지가 가능하다.","글이 계속 위로 올라가서 예전정보를 한번에 찾기가 어렵다는점.","","","필요","필요","필요","필요","필요","필요","필요","필요","필요","필요","필요","필요","저희가 공연동아리라서 공연과 관련된 것이 많았으면좋겠습니다.","예","한달에 만원","멜론","깔끔하며 터치가 손쉬움","화이팅입니당~",""
"2019/03/15 12:02:46 오후 GMT+9","","동아대학교","리드머","예","카카오톡, 페이스북","단톡을 통해 편하게 공지사항 전달","딱히 생각나지 않습니다","","","불필요","불필요","필요","필요","불필요","불필요","필요","필요","불필요","필요","불필요","필요","없습니다","아니오","잘 모르겠습니다","이디야 커피","제가 파란색을 좋아합니다 ","고생 많으십니다 화이팅입니다 ",""
"2019/03/15 1:12:54 오후 GMT+9","","동아대학교","프릭스","예","카카오톡, 네이버 밴드, 페이스북","","","","","불필요","불필요","불필요","필요","필요","필요","필요","필요","필요","불필요","불필요","불필요","","아니오","","","","없어용",""
"2019/03/15 2:14:36 오후 GMT+9","","동아대학교","스트리츠","예","카카오톡 네이버 밴드 페이스북","카카오톡은 소통 네이버 밴드는 영상공유페이스북 홍보","소통,영상공유,홍보를 같은 곳에서 하지못하고 보지못하고 정리못하는점","","","불필요","불필요","필요","필요","필요","필요","필요","필요","필요","필요","필요","필요","없습니다","아니오","이용료가 있게된다면 지불을 못하는 사람들은 이용못하고 소통 못하기때문에ㅠ","","","한눈에 보기 간단하거나 정리가 잘되게 해주세요",""
"2019/03/15 2:16:20 오후 GMT+9","","동아대학교","프릭스","예","밴드","공지나 공연영상들을 올리기 편하다","없음","","","불필요","불필요","불필요","불필요","불필요","불필요","불필요","불필요","불필요","불필요","불필요","불필요","아니요","예","잘모르겠습니다","인스타그램","깔끔하고 보기편한 디자인","좋은 앱 만들어주세요~",""